from,to,relation
acvu,2019,1
acvu,niederlande,2
acvu,recht,3
ad,2018,1
ad,kanada,2
ad,bildungsinstitutionen,3
adad,2022,1
adad,2024,1
adad,unitedstates,2
adad,politik,3
adh,2017,1
adh,2023,1
adh,unitedstates,2
adh,politik,3
ado,2024,1
ado,polen,2
ado,politik,3
ae,2018,1
ae,oesterreich,2
ae,politik,3
afim,2024,1
afim,schweiz,2
afim,bildungsinstitutionen,3
ag,2024,1
ag,russland,2
ag,bildungsinstitutionen,3
agg,2023,1
agg,unitedstates,2
agg,wirtschaft,3
ah,2018,1
ah,finnland,2
ah,wirtschaft,3
ahab,2016,1
ahab,niederlande,2
ahab,politik,3
aho,2023,1
aho,deutschland,2
aho,politik,3
ajag,2023,1
ajag,kanada,2
ajag,bildungsinstitutionen,3
ajt,2022,1
ajt,2023,1
ajt,unitedstates,2
ajt,sozial,3
ak,2016,1
ak,2017,1
ak,2018,1
ak,2019,1
ak,2022,1
ak,2023,1
ak,2024,1
ak,unitedstates,2
ak,wirtschaft,3
ako,2023,1
ako,russland,2
ako,sozial,3
aku,2016,1
aku,2017,1
aku,2018,1
aku,2019,1
aku,2022,1
aku,2023,1
aku,2024,1
aku,schweiz,2
aku,wirtschaft,3
alal,2018,1
alal,italien,2
alal,bildungsinstitutionen,3
albo,2022,1
albo,2023,1
albo,2024,1
albo,unitedstates,2
albo,wirtschaft,3
ali,2024,1
ali,schweden,2
ali,politik,3
aloe,2017,1
aloe,schweden,2
aloe,politik,3
ame,2024,1
ame,frankreich,2
ame,wirtschaft,3
amg,2019,1
amg,unitedstates,2
amg,bildungsinstitutionen,3
anad,2017,1
anad,2019,1
anad,großbritannien,2
anad,politik,3
anadl,2024,1
anadl,finnland,2
anadl,politik,3
anap,2016,1
anap,2018,1
anap,2022,1
anap,2023,1
anap,2024,1
anap,unitedstates,2
anap,medien,3
anbo,2023,1
anbo,schweden,2
anbo,wirtschaft,3
anbou,2018,1
anbou,frankreich,2
anbou,wirtschaft,3
anbr,2018,1
anbr,serbien,2
anbr,politik,3
ancb,2017,1
ancb,finnland,2
ancb,politik,3
anch,2024,1
anch,russland,2
anch,bildungsinstitutionen,3
anho,2019,1
anho,schweiz,2
anho,wirtschaft,3
ap,2017,1
ap,2024,1
ap,griechenland,2
ap,medien,3
apb,2016,1
apb,2017,1
apb,2018,1
apb,2019,1
apb,2023,1
apb,2024,1
apb,spanien,2
apb,wirtschaft,3
api,2022,1
api,portugal,2
api,sozial,3
apr,2024,1
apr,frankreich,2
apr,politik,3
ar,2018,1
ar,großbritannien,2
ar,politik,3
arb,2017,1
arb,norwegen,2
arb,wirtschaft,3
ard,2017,1
ard,2018,1
ard,spanien,2
ard,politik,3
as,2023,1
as,oesterreich,2
as,politik,3
asch,2016,1
asch,oesterreich,2
asch,politik,3
ast,2017,1
ast,unitedstates,2
ast,wirtschaft,3
asu,2024,1
asu,finnland,2
asu,politik,3
asub,2023,1
asub,unitedstates,2
asub,bildungsinstitutionen,3
at,2022,1
at,oesterreich,2
at,sozial,3
auaz,2018,1
auaz,2019,1
auaz,2022,1
auaz,frankreich,2
auaz,sozial,3
auec,2019,1
auec,turkey,2
auec,politik,3
awa,2017,1
awa,unitedstates,2
awa,politik,3
ayu,2022,1
ayu,turkey,2
ayu,medien,3
bar,2018,1
bar,lettland,2
bar,wirtschaft,3
bb,2016,1
bb,2018,1
bb,2019,1
bb,2023,1
bb,norwegen,2
bb,sozial,3
be,2018,1
be,2022,1
be,2023,1
be,frankreich,2
be,military,3
beca,2018,1
beca,frankreich,2
beca,politik,3
beco,2016,1
beco,frankreich,2
beco,wirtschaft,3
bega,2023,1
bega,deutschland,2
bega,wirtschaft,3
bepr,2018,1
bepr,unitedstates,2
bepr,wirtschaft,3
bepu,2017,1
bepu,frankreich,2
bepu,politik,3
bese,2017,1
bese,italien,2
bese,medien,3
bh,2022,1
bh,unitedstates,2
bh,politik,3
bjco,2024,1
bjco,denmark,2
bjco,medien,3
bl,2022,1
bl,2023,1
bl,großbritannien,2
bl,wirtschaft,3
blm,2019,1
blm,frankreich,2
blm,politik,3
bm,2016,1
bm,2017,1
bm,kanada,2
bm,politik,3
bmr,2022,1
bmr,oesterreich,2
bmr,politik,3
boe,2018,1
boe,turkey,2
boe,bildungsinstitutionen,3
bosl,2017,1
bosl,niederlande,2
bosl,politik,3
brde,2023,1
brde,unitedstates,2
brde,politik,3
brgi,2018,1
brgi,großbritannien,2
brgi,wirtschaft,3
brpa,2018,1
brpa,frankreich,2
brpa,medien,3
brst,2024,1
brst,unitedstates,2
brst,medien,3
bt,2017,1
bt,frankreich,2
bt,bildungsinstitutionen,3
bvb,2016,1
bvb,2018,1
bvb,2022,1
bvb,2023,1
bvb,niederlande,2
bvb,wirtschaft,3
bvs,2019,1
bvs,norwegen,2
bvs,sozial,3
bw,2016,1
bw,2017,1
bw,2018,1
bw,finnland,2
bw,wirtschaft,3
bwdm,2016,1
bwdm,schweiz,2
bwdm,bildungsinstitutionen,3
by,2023,1
by,turkey,2
by,medien,3
ca,2016,1
ca,spanien,2
ca,wirtschaft,3
cabe,2018,1
cabe,belgien,2
cabe,politik,3
caca,2017,1
caca,turkey,2
caca,medien,3
cacu,2024,1
cacu,spanien,2
cacu,politik,3
cada,2018,1
cada,turkey,2
cada,bildungsinstitutionen,3
cadg,2024,1
cadg,niederlande,2
cadg,medien,3
cam,2016,1
cam,unitedstates,2
cam,politik,3
canu,2022,1
canu,spanien,2
canu,medien,3
ce,2022,1
ce,kanada,2
ce,wirtschaft,3
cf,2022,1
cf,2023,1
cf,kanada,2
cf,politik,3
cgds,2016,1
cgds,portugal,2
cgds,wirtschaft,3
ch,2017,1
ch,2018,1
ch,2019,1
ch,2022,1
ch,2023,1
ch,2024,1
ch,denmark,2
ch,sozial,3
chbe,2018,1
chbe,schweiz,2
chbe,sozial,3
chca,2023,1
chca,2024,1
chca,unitedstates,2
chca,military,3
chco,2018,1
chco,unitedstates,2
chco,politik,3
chdc,2024,1
chdc,niederlande,2
chdc,wirtschaft,3
chdy,2016,1
chdy,denmark,2
chdy,wirtschaft,3
chha,2016,1
chha,kanada,2
chha,bildungsinstitutionen,3
chho,2018,1
chho,großbritannien,2
chho,wirtschaft,3
chli,2017,1
chli,unitedstates,2
chli,wirtschaft,3
chma,2016,1
chma,schweiz,2
chma,politik,3
chse,2024,1
chse,deutschland,2
chse,wirtschaft,3
cj,2016,1
cj,schweden,2
cj,wirtschaft,3
cjm,2016,1
cjm,2017,1
cjm,2018,1
cjm,2019,1
cjm,2022,1
cjm,2023,1
cjm,unitedstates,2
cjm,wirtschaft,3
ck,2016,1
ck,2017,1
ck,deutschland,2
ck,wirtschaft,3
cl,2016,1
cl,2017,1
cl,frankreich,2
cl,wirtschaft,3
clbe,2019,1
clbe,2023,1
clbe,frankreich,2
clbe,politik,3
clco,2016,1
clco,italien,2
clco,wirtschaft,3
clmc,2019,1
clmc,unitedstates,2
clmc,medien,3
cm,2016,1
cm,2018,1
cm,2022,1
cm,2024,1
cm,belgien,2
cm,politik,3
cr,2016,1
cr,italien,2
cr,bildungsinstitutionen,3
cs,2022,1
cs,deutschland,2
cs,sozial,3
ct,2017,1
ct,china,2
ct,politik,3
cw,2022,1
cw,unitedstates,2
cw,military,3
da,2024,1
da,unitedstates,2
da,wirtschaft,3
db,2019,1
db,kanada,2
db,wirtschaft,3
de,2024,1
de,schweden,2
de,wirtschaft,3
dh,2016,1
dh,2018,1
dh,2022,1
dh,2023,1
dh,2024,1
dh,großbritannien,2
dh,wirtschaft,3
dha,2016,1
dha,großbritannien,2
dha,wirtschaft,3
dhp,2016,1
dhp,2017,1
dhp,2018,1
dhp,2019,1
dhp,2022,1
dhp,2024,1
dhp,unitedstates,2
dhp,wirtschaft,3
dim,2017,1
dim,kanada,2
dim,wirtschaft,3
djf,2016,1
djf,gro√übritannien,2
djf,wirtschaft,3
dk,2018,1
dk,schweden,2
dk,bildungsinstitutionen,3
dku,2023,1
dku,2024,1
dku,ukraine,2
dku,politik,3
dl,2022,1
dl,2023,1
dl,großbritannien,2
dl,politik,3
dm,2018,1
dm,2023,1
dm,großbritannien,2
dm,bildungsinstitutionen,3
dma,2016,1
dma,2018,1
dma,unitedstates,2
dma,wirtschaft,3
dmc,2016,1
dmc,unitedstates,2
dmc,wirtschaft,3
dmo,2023,1
dmo,2024,1
dmo,portugal,2
dmo,wirtschaft,3
dmr,2017,1
dmr,unitedstates,2
dmr,wirtschaft,3
dn,2019,1
dn,frankreich,2
dn,medien,3
do,2023,1
do,kanada,2
do,wirtschaft,3
dp,2016,1
dp,2017,1
dp,2018,1
dp,2019,1
dp,2022,1
dp,2023,1
dp,2024,1
dp,griechenland,2
dp,wirtschaft,3
dr,2022,1
dr,2023,1
dr,belgien,2
dr,politik,3
ds,2022,1
ds,portugal,2
ds,wirtschaft,3
dsc,2017,1
dsc,unitedstates,2
dsc,geheimdienst,3
dvdb,2023,1
dvdb,niederlande,2
dvdb,wirtschaft,3
dw,2019,1
dw,unitedstates,2
dw,sozial,3
dy,2023,1
dy,unitedstates,2
dy,wirtschaft,3
dz,2019,1
dz,deutschland,2
dz,wirtschaft,3
eb,2018,1
eb,irland,2
eb,politik,3
eba,2019,1
eba,portugal,2
eba,wirtschaft,3
ebal,2019,1
ebal,turkey,2
ebal,bildungsinstitutionen,3
ec,2018,1
ec,italien,2
ec,bildungsinstitutionen,3
ech,2016,1
ech,frankreich,2
ech,bildungsinstitutionen,3
ee,2022,1
ee,2023,1
ee,unitedstates,2
ee,politik,3
eer,2022,1
eer,turkey,2
eer,bildungsinstitutionen,3
ees,2016,1
ees,2017,1
ees,2019,1
ees,2022,1
ees,2023,1
ees,2024,1
ees,unitedstates,2
ees,wirtschaft,3
eg,2016,1
eg,frankreich,2
eg,medien,3
egg,2017,1
egg,unitedstates,2
egg,wirtschaft,3
egp,2023,1
egp,spanien,2
egp,politik,3
ehe,2019,1
ehe,oesterreich,2
ehe,bildungsinstitutionen,3
el,2018,1
el,finnland,2
el,politik,3
eli,2019,1
eli,2022,1
eli,2023,1
eli,2024,1
eli,finnland,2
eli,sozial,3
ep,2016,1
ep,2023,1
ep,2024,1
ep,frankreich,2
ep,politik,3
esl,2024,1
esl,unitedstates,2
esl,bildungsinstitutionen,3
ev,2023,1
ev,griechenland,2
ev,wirtschaft,3
evs,2024,1
evs,kanada,2
evs,wirtschaft,3
ew,2022,1
ew,großbritannien,2
ew,wirtschaft,3
ey,2024,1
ey,finnland,2
ey,medien,3
fagi,2017,1
fagi,italien,2
fagi,bildungsinstitutionen,3
fb,2016,1
fb,italien,2
fb,wirtschaft,3
feme,2019,1
feme,portugal,2
feme,politik,3
fg,2019,1
fg,frankreich,2
fg,sozial,3
fisi,2023,1
fisi,portugal,2
fisi,wirtschaft,3
fl,2017,1
fl,frankreich,2
fl,medien,3
fm,2024,1
fm,deutschland,2
fm,politik,3
fpb,2023,1
fpb,portugal,2
fpb,medien,3
fpc,2018,1
fpc,2024,1
fpc,kanada,2
fpc,politik,3
frbs,2017,1
frbs,deutschland,2
frbs,wirtschaft,3
fs,2022,1
fs,italien,2
fs,wirtschaft,3
fz,2024,1
fz,unitedstates,2
fz,medien,3
ga,2023,1
ga,frankreich,2
ga,politik,3
gde,2023,1
gde,2024,1
gde,italien,2
gde,bildungsinstitutionen,3
ggw,2017,1
ggw,kanada,2
ggw,wirtschaft,3
gh,2018,1
gh,polen,2
gh,wirtschaft,3
ghoe,2018,1
ghoe,deutschland,2
ghoe,politik,3
gk,2023,1
gk,unitedstates,2
gk,sozial,3
gl,2016,1
gl,griechenland,2
gl,wirtschaft,3
gm,2018,1
gm,italien,2
gm,bildungsinstitutionen,3
gmm,2017,1
gmm,irland,2
gmm,wirtschaft,3
gmr,2022,1
gmr,unitedstates,2
gmr,politik,3
go,2016,1
go,2017,1
go,2018,1
go,großbritannien,2
go,medien,3
gp,2019,1
gp,griechenland,2
gp,bildungsinstitutionen,3
gr,2017,1
gr,2022,1
gr,2023,1
gr,2024,1
gr,großbritannien,2
gr,medien,3
grs,2022,1
grs,norwegen,2
grs,wirtschaft,3
gs,2016,1
gs,großbritannien,2
gs,bildungsinstitutionen,3
gwru,2017,1
gwru,belgien,2
gwru,politik,3
gz,2017,1
gz,2018,1
gz,2019,1
gz,2022,1
gz,2024,1
gz,oesterreich,2
gz,medien,3
hak,2016,1
hak,2017,1
hak,2018,1
hak,2019,1
hak,2022,1
hak,2023,1
hak,unitedstates,2
hak,wirtschaft,3
hcb,2019,1
hcb,deutschland,2
hcb,wirtschaft,3
hdc,2016,1
hdc,2018,1
hdc,2023,1
hdc,2024,1
hdc,frankreich,2
hdc,sozial,3
he,2023,1
he,finnland,2
he,medien,3
hepp,2018,1
hepp,vatikan,2
hepp,hochadel,3
hg,2016,1
hg,großbritannien,2
hg,politik,3
hl,2019,1
hl,großbritannien,2
hl,wirtschaft,3
hmtkotn,2016,1
hmtkotn,2017,1
hmtkotn,2019,1
hmtkotn,2022,1
hmtkotn,2024,1
hmtkotn,niederlande,2
hmtkotn,hochadel,3
hn,2018,1
hn,unitedstates,2
hn,wirtschaft,3
hr,2017,1
hr,kanada,2
hr,wirtschaft,3
hr,2016,1
hr,kanada,2
hr,wirtschaft,3
hrk,2016,1
hrk,2017,1
hrk,2018,1
hrk,2019,1
hrk,2022,1
hrk,2023,1
hrk,2024,1
hrk,unitedstates,2
hrk,wirtschaft,3
hrm,2017,1
hrm,unitedstates,2
hrm,politik,3
hs,2018,1
hs,norwegen,2
hs,medien,3
hws,2016,1
hws,deutschland,2
hws,bildungsinstitutionen,3
ia,2022,1
ia,denmark,2
ia,politik,3
ial,2019,1
ial,belgien,2
ial,medien,3
iar,2019,1
iar,spanien,2
iar,politik,3
ic,2023,1
ic,schweiz,2
ic,politik,3
ica,2024,1
ica,spanien,2
ica,politik,3
if,2022,1
if,portugal,2
if,wirtschaft,3
ig,2024,1
ig,portugal,2
ig,bildungsinstitutionen,3
ik,2024,1
ik,belgien,2
ik,wirtschaft,3
ikr,2019,1
ikr,bulgarien,2
ikr,politik,3
im,2018,1
im,portugal,2
im,sozial,3
ja,2024,1
ja,kanada,2
ja,military,3
jaj,2016,1
jaj,2017,1
jaj,unitedstates,2
jaj,wirtschaft,3
jan,2024,1
jan,unitedstates,2
jan,medien,3
jb,2023,1
jb,spanien,2
jb,politik,3
jc,2018,1
jc,2019,1
jc,unitedstates,2
jc,wirtschaft,3
jcr,2023,1
jcr,2024,1
jcr,spanien,2
jcr,medien,3
jcry,2016,1
jcry,deutschland,2
jcry,wirtschaft,3
jdw,2017,1
jdw,unitedstates,2
jdw,wirtschaft,3
jdz,2017,1
jdz,unitedstates,2
jdz,politik,3
je,2022,1
je,2023,1
je,2024,1
je,unitedstates,2
je,politik,3
jel,2016,1
jel,2017,1
jel,2018,1
jel,italien,2
jel,wirtschaft,3
jf,2018,1
jf,unitedstates,2
jf,medien,3
jfi,2024,1
jfi,unitedstates,2
jfi,politik,3
jfl,2019,1
jfl,2022,1
jfl,2023,1
jfl,großbritannien,2
jfl,politik,3
jfr,2024,1
jfr,unitedstates,2
jfr,wirtschaft,3
jh,2018,1
jh,unitedstates,2
jh,politik,3
jhb,2018,1
jhb,2019,1
jhb,2022,1
jhb,unitedstates,2
jhb,military,3
jhp,2017,1
jhp,niederlande,2
jhp,politik,3
jht,2017,1
jht,2018,1
jht,denmark,2
jht,wirtschaft,3
jj,2016,1
jj,deutschland,2
jj,medien,3
jjr,2024,1
jjr,spanien,2
jjr,bildungsinstitutionen,3
jk,2019,1
jk,unitedstates,2
jk,politik,3
jka,2016,1
jka,deutschland,2
jka,wirtschaft,3
jke,2016,1
jke,großbritannien,2
jke,wirtschaft,3
jku,2022,1
jku,deutschland,2
jku,politik,3
jla,2017,1
jla,2022,1
jla,2023,1
jla,portugal,2
jla,recht,3
jlc,2016,1
jlc,2017,1
jlc,2018,1
jlc,spanien,2
jlc,medien,3
jm,2019,1
jm,spanien,2
jm,medien,3
jma,2022,1
jma,2023,1
jma,2024,1
jma,spanien,2
jma,politik,3
jmb,2018,1
jmb,frankreich,2
jmb,sozial,3
jmba,2019,1
jmba,2022,1
jmba,2023,1
jmba,2024,1
jmba,portugal,2
jmba,wirtschaft,3
jmda,2016,1
jmda,2017,1
jmda,2018,1
jmda,portugal,2
jmda,wirtschaft,3
jme,2023,1
jme,2024,1
jme,spanien,2
jme,wirtschaft,3
jmh,2022,1
jmh,niederlande,2
jmh,wirtschaft,3
jmi,2016,1
jmi,2017,1
jmi,2018,1
jmi,2019,1
jmi,2023,1
jmi,2024,1
jmi,unitedstates,2
jmi,wirtschaft,3
jnsa,2017,1
jnsa,2018,1
jnsa,schweiz,2
jnsa,wirtschaft,3
job,2017,1
job,unitedstates,2
job,wirtschaft,3
joe,2019,1
joe,unitedstates,2
joe,politik,3
jp,2019,1
jp,polen,2
jp,medien,3
jr,2019,1
jr,schweden,2
jr,bildungsinstitutionen,3
jra,2018,1
jra,2019,1
jra,estland,2
jra,politik,3
jro,2017,1
jro,schweden,2
jro,bildungsinstitutionen,3
js,2022,1
js,unitedstates,2
js,politik,3
jsa,2019,1
jsa,lettland,2
jsa,military,3
jsaw,2016,1
jsaw,2017,1
jsaw,2018,1
jsaw,2019,1
jsaw,2022,1
jsaw,2023,1
jsaw,2024,1
jsaw,großbritannien,2
jsaw,wirtschaft,3
jsp,2017,1
jsp,deutschland,2
jsp,politik,3
jst,2017,1
jst,2018,1
jst,2019,1
jst,2022,1
jst,2023,1
jst,2024,1
jst,norwegen,2
jst,military,3
jt,2023,1
jt,unitedstates,2
jt,bildungsinstitutionen,3
jtm,2017,1
jtm,unitedstates,2
jtm,sozial,3
ju,2019,1
ju,niederlande,2
ju,wirtschaft,3
jw,2016,1
jw,schweden,2
jw,wirtschaft,3
jwa,2023,1
jwa,unitedstates,2
jwa,wirtschaft,3
jwar,2024,1
jwar,unitedstates,2
jwar,bildungsinstitutionen,3
kabu,2019,1
kabu,niederlande,2
kabu,politik,3
kaka,2024,1
kaka,estland,2
kaka,politik,3
kaki,2023,1
kaki,2024,1
kaki,polen,2
kaki,medien,3
kasa,2018,1
kasa,unitedstates,2
kasa,sozial,3
kb,2023,1
kb,2024,1
kb,norwegen,2
kb,wirtschaft,3
kba,2017,1
kba,norwegen,2
kba,medien,3
kc,2017,1
kc,norwegen,2
kc,politik,3
kcg,2023,1
kcg,unitedstates,2
kcg,wirtschaft,3
kd,2023,1
kd,belgien,2
kd,wirtschaft,3
kegr,2017,1
kegr,unitedstates,2
kegr,wirtschaft,3
kg,2024,1
kg,turkey,2
kg,medien,3
kh,2024,1
kh,unitedstates,2
kh,wirtschaft,3
khwk,2017,1
khwk,2018,1
khwk,niederlande,2
khwk,wirtschaft,3
kj,2023,1
kj,denmark,2
kj,wirtschaft,3
klkl,2016,1
klkl,2017,1
klkl,unitedstates,2
klkl,wirtschaft,3
klsc,2016,1
klsc,deutschland,2
klsc,sozial,3
km,2016,1
km,griechenland,2
km,politik,3
kmj,2016,1
kmj,2017,1
kmj,2018,1
kmj,unitedstates,2
kmj,wirtschaft,3
kn,2022,1
kn,finnland,2
kn,medien,3
ko,2016,1
ko,niederlande,2
ko,politik,3
kp,2022,1
kp,griechenland,2
kp,politik,3
krge,2016,1
krge,bulgarien,2
krge,politik,3
ks,2022,1
ks,unitedstates,2
ks,wirtschaft,3
ksl,2016,1
ksl,norwegen,2
ksl,wirtschaft,3
kuca,2022,1
kuca,unitedstates,2
kuca,politik,3
kv,2024,1
kv,belgien,2
kv,medien,3
kymi,2018,1
kymi,griechenland,2
kymi,politik,3
kysi,2022,1
kysi,unitedstates,2
kysi,politik,3
la,2019,1
la,kanada,2
la,recht,3
lafi,2019,1
lafi,denmark,2
lafi,geheimdienst,3
lbs,2024,1
lbs,italien,2
lbs,wirtschaft,3
lc,2018,1
lc,italien,2
lc,bildungsinstitutionen,3
ldg,2017,1
ldg,spanien,2
ldg,politik,3
leca,2017,1
leca,turkey,2
leca,wirtschaft,3
lf,2016,1
lf,frankreich,2
lf,recht,3
lg,2016,1
lg,2017,1
lg,2018,1
lg,2019,1
lg,2023,1
lg,2024,1
lg,italien,2
lg,medien,3
lh,2022,1
lh,schweden,2
lh,politik,3
lhs,2017,1
lhs,2018,1
lhs,unitedstates,2
lhs,bildungsinstitutionen,3
ligr,2016,1
ligr,2017,1
ligr,unitedstates,2
ligr,politik,3
ll,2022,1
ll,schweiz,2
ll,politik,3
lm,2017,1
lm,unitedstates,2
lm,politik,3
lt,2019,1
lt,deutschland,2
lt,politik,3
luga,2016,1
luga,spanien,2
luga,bildungsinstitutionen,3
lv,2024,1
lv,irland,2
lv,politik,3
lw,2017,1
lw,unitedstates,2
lw,sozial,3
ma,2016,1
ma,2023,1
ma,schweden,2
ma,politik,3
maag,2016,1
maag,2017,1
maag,2018,1
maag,großbritannien,2
maag,wirtschaft,3
maal,2023,1
maal,2024,1
maal,italien,2
maal,wirtschaft,3
maap,2016,1
maap,finnland,2
maap,wirtschaft,3
mabr,2023,1
mabr,deutschland,2
mabr,wirtschaft,3
mada,2016,1
mada,italien,2
mada,politik,3
madan,2019,1
madan,unitedstates,2
madan,politik,3
mahi,2019,1
mahi,schweiz,2
mahi,politik,3
makr,2022,1
makr,denmark,2
makr,medien,3
mali,2022,1
mali,kanada,2
mali,wirtschaft,3
mama,2018,1
mama,italien,2
mama,bildungsinstitutionen,3
mamo,2024,1
mamo,italien,2
mamo,politik,3
mamol,2017,1
mamol,italien,2
mamol,medien,3
mara,2018,1
mara,schweden,2
mara,wirtschaft,3
mare,2019,1
mare,italien,2
mare,politik,3
masa,2023,1
masa,oesterreich,2
masa,medien,3
masc,2022,1
masc,griechenland,2
masc,politik,3
mase,2022,1
mase,großbritannien,2
mase,politik,3
masef,2024,1
masef,schweden,2
masef,politik,3
matu,2019,1
matu,großbritannien,2
matu,wirtschaft,3
mave,2016,1
mave,schweiz,2
mave,bildungsinstitutionen,3
mb,2024,1
mb,deutschland,2
mb,politik,3
mc,2023,1
mc,kanada,2
mc,wirtschaft,3
mch,2018,1
mch,unitedstates,2
mch,bildungsinstitutionen,3
md,2016,1
md,2017,1
md,2018,1
md,2019,1
md,2022,1
md,2023,1
md,2024,1
md,deutschland,2
md,medien,3
mdv,2024,1
mdv,italien,2
mdv,wirtschaft,3
meb,2017,1
meb,unitedstates,2
meb,military,3
memc,2016,1
memc,2019,1
memc,unitedstates,2
memc,medien,3
mesi,2016,1
mesi,2018,1
mesi,2024,1
mesi,turkey,2
mesi,politik,3
mesit,2019,1
mesit,turkey,2
mesit,bildungsinstitutionen,3
mf,2023,1
mf,denmark,2
mf,politik,3
mfc,2023,1
mfc,turkey,2
mfc,politik,3
mg,2022,1
mg,großbritannien,2
mg,wirtschaft,3
mh,2016,1
mh,2017,1
mh,2018,1
mh,2019,1
mh,2022,1
mh,2024,1
mh,unitedstates,2
mh,wirtschaft,3
mhw,2016,1
mhw,2017,1
mhw,2019,1
mhw,2024,1
mhw,großbritannien,2
mhw,medien,3
mire,2022,1
mire,turkey,2
mire,wirtschaft,3
misa,2017,1
misa,2018,1
misa,2019,1
misa,kanada,2
misa,wirtschaft,3
mish,2019,1
mish,großbritannien,2
mish,bildungsinstitutionen,3
mjc,2018,1
mjc,2019,1
mjc,2022,1
mjc,2024,1
mjc,kanada,2
mjc,wirtschaft,3
mjk,2016,1
mjk,2017,1
mjk,2018,1
mjk,2022,1
mjk,2023,1
mjk,2024,1
mjk,unitedstates,2
mjk,bildungsinstitutionen,3
mk,2022,1
mk,unitedstates,2
mk,politik,3
mkh,2019,1
mkh,2022,1
mkh,unitedstates,2
mkh,sozial,3
ml,2022,1
ml,schweden,2
ml,wirtschaft,3
mla,2016,1
mla,portugal,2
mla,politik,3
mm,2022,1
mm,unitedstates,2
mm,bildungsinstitutionen,3
mn,2016,1
mn,irland,2
mn,politik,3
mol,2016,1
mol,2017,1
mol,2018,1
mol,2022,1
mol,2023,1
mol,2024,1
mol,irland,2
mol,wirtschaft,3
mp,2019,1
mp,2023,1
mp,unitedstates,2
mp,bildungsinstitutionen,3
mr,2016,1
mr,2018,1
mr,2019,1
mr,2022,1
mr,2023,1
mr,2024,1
mr,niederlande,2
mr,politik,3
msda,2023,1
msda,portugal,2
msda,wirtschaft,3
mt,2018,1
mt,2019,1
mt,unitedstates,2
mt,politik,3
muak,2017,1
muak,turkey,2
muak,bildungsinstitutionen,3
muau,2024,1
muau,großbritannien,2
muau,wirtschaft,3
muay,2024,1
muay,turkey,2
muay,bildungsinstitutionen,3
musu,2019,1
musu,2022,1
musu,2024,1
musu,großbritannien,2
musu,wirtschaft,3
mv,2022,1
mv,griechenland,2
mv,wirtschaft,3
mvh,2023,1
mvh,schweiz,2
mvh,medien,3
mw,2017,1
mw,2018,1
mw,2019,1
mw,2022,1
mw,2023,1
mw,2024,1
mw,schweden,2
mw,wirtschaft,3
my,2018,1
my,2022,1
my,turkey,2
my,medien,3
nb,2019,1
nb,großbritannien,2
nb,bildungsinstitutionen,3
nba,2016,1
nba,2017,1
nba,frankreich,2
nba,recht,3
nc,2024,1
nc,spanien,2
nc,wirtschaft,3
nf,2016,1
nf,2017,1
nf,2018,1
nf,2019,1
nf,2023,1
nf,2024,1
nf,unitedstates,2
nf,bildungsinstitutionen,3
ngo,2023,1
ngo,griechenland,2
ngo,wirtschaft,3
nho,2017,1
nho,großbritannien,2
nho,military,3
nke,2024,1
nke,griechenland,2
nke,politik,3
nkk,2019,1
nkk,griechenland,2
nkk,recht,3
nr,2023,1
nr,deutschland,2
nr,politik,3
ns,2017,1
ns,2018,1
ns,2019,1
ns,2022,1
ns,2023,1
ns,2024,1
ns,unitedstates,2
ns,bildungsinstitutionen,3
nse,2022,1
nse,2023,1
nse,portugal,2
nse,wirtschaft,3
nw,2018,1
nw,großbritannien,2
nw,bildungsinstitutionen,3
ob,2017,1
ob,deutschland,2
ob,wirtschaft,3
obl,2016,1
obl,frankreich,2
obl,bildungsinstitutionen,3
oe,2022,1
oe,2023,1
oe,2024,1
oe,norwegen,2
oe,wirtschaft,3
oek,2017,1
oek,2018,1
oek,2019,1
oek,2022,1
oek,2023,1
oek,2024,1
oek,turkey,2
oek,wirtschaft,3
om,2022,1
om,ukraine,2
om,politik,3
oo,2018,1
oo,großbritannien,2
oo,bildungsinstitutionen,3
pa,2018,1
pa,portugal,2
pa,wirtschaft,3
pat,2016,1
pat,unitedstates,2
pat,wirtschaft,3
pb,2016,1
pb,2018,1
pb,2019,1
pb,2022,1
pb,2023,1
pb,2024,1
pb,frankreich,2
pb,wirtschaft,3
pc,2019,1
pc,2022,1
pc,spanien,2
pc,politik,3
pca,2019,1
pca,frankreich,2
pca,wirtschaft,3
pco,2017,1
pco,unitedstates,2
pco,wirtschaft,3
pd,2018,1
pd,2019,1
pd,2022,1
pd,2023,1
pd,2024,1
pd,irland,2
pd,politik,3
pg,2023,1
pg,2024,1
pg,italien,2
pg,politik,3
phdc,2024,1
phdc,spanien,2
phdc,wirtschaft,3
pjr,2024,1
pjr,spanien,2
pjr,medien,3
pl,2024,1
pl,unitedstates,2
pl,wirtschaft,3
ple,2024,1
ple,unitedstates,2
ple,wirtschaft,3
pma,2016,1
pma,2017,1
pma,2022,1
pma,2023,1
pma,deutschland,2
pma,wirtschaft,3
pmac,2018,1
pmac,deutschland,2
pmac,wirtschaft,3
pmb,2016,1
pmb,unitedstates,2
pmb,military,3
pn,2016,1
pn,2017,1
pn,2018,1
pn,unitedstates,2
pn,medien,3
pp,2018,1
pp,kanada,2
pp,wirtschaft,3
ppo,2018,1
ppo,2019,1
ppo,2022,1
ppo,2023,1
ppo,2024,1
ppo,frankreich,2
ppo,wirtschaft,3
prw,2018,1
prw,2024,1
prw,oesterreich,2
prw,sozial,3
psu,2019,1
psu,schweiz,2
psu,medien,3
pth,2017,1
pth,2018,1
pth,2019,1
pth,2022,1
pth,2023,1
pth,2024,1
pth,unitedstates,2
pth,wirtschaft,3
pw,2022,1
pw,2023,1
pw,niederlande,2
pw,politik,3
pws,2019,1
pws,unitedstates,2
pws,wirtschaft,3
pwu,2017,1
pwu,belgien,2
pwu,wirtschaft,3
rb,2016,1
rb,2017,1
rb,oesterreich,2
rb,wirtschaft,3
rbz,2017,1
rbz,unitedstates,2
rbz,wirtschaft,3
rca,2016,1
rca,2017,1
rca,2018,1
rca,2019,1
rca,2022,1
rca,2024,1
rca,unitedstates,2
rca,wirtschaft,3
rd,2016,1
rd,großbritannien,2
rd,wirtschaft,3
re,2016,1
re,unitedstates,2
re,medien,3
rer,2016,1
rer,2018,1
rer,2019,1
rer,unitedstates,2
rer,politik,3
reru,2017,1
reru,unitedstates,2
reru,politik,3
rg,2023,1
rg,turkey,2
rg,bildungsinstitutionen,3
rgo,2018,1
rgo,unitedstates,2
rgo,bildungsinstitutionen,3
rh,2017,1
rh,2022,1
rh,niederlande,2
rh,wirtschaft,3
rho,2016,1
rho,2017,1
rho,2018,1
rho,2019,1
rho,2022,1
rho,unitedstates,2
rho,wirtschaft,3
rhp,2024,1
rhp,unitedstates,2
rhp,politik,3
rjg,2019,1
rjg,irland,2
rjg,wirtschaft,3
rk,2018,1
rk,deutschland,2
rk,bildungsinstitutionen,3
rl,2016,1
rl,unitedstates,2
rl,wirtschaft,3
rli,2024,1
rli,unitedstates,2
rli,bildungsinstitutionen,3
rls,2017,1
rls,unitedstates,2
rls,wirtschaft,3
rm,2023,1
rm,malta,2
rm,politik,3
rs,2016,1
rs,2017,1
rs,2018,1
rs,2019,1
rs,2022,1
rs,2023,1
rs,2024,1
rs,polen,2
rs,bildungsinstitutionen,3
rsc,2016,1
rsc,2017,1
rsc,2018,1
rsc,2019,1
rsc,oesterreich,2
rsc,wirtschaft,3
rt,2019,1
rt,polen,2
rt,politik,3
rvr,2023,1
rvr,niederlande,2
rvr,wirtschaft,3
rwfj,2016,1
rwfj,2017,1
rwfj,unitedstates,2
rwfj,wirtschaft,3
rwjf,2018,1
rwjf,unitedstates,2
rwjf,wirtschaft,3
rz,2024,1
rz,oesterreich,2
rz,wirtschaft,3
sa,2016,1
sa,2022,1
sa,2023,1
sa,unitedstates,2
sa,wirtschaft,3
sad,2016,1
sad,turkey,2
sad,bildungsinstitutionen,3
sama,2019,1
sama,schweden,2
sama,wirtschaft,3
sb,2023,1
sb,unitedstates,2
sb,bildungsinstitutionen,3
sc,2024,1
sc,irland,2
sc,politik,3
scma,2016,1
scma,unitedstates,2
scma,wirtschaft,3
sd,2019,1
sd,turkey,2
sd,bildungsinstitutionen,3
sdc,2024,1
sdc,spanien,2
sdc,wirtschaft,3
se,2022,1
se,schweiz,2
se,wirtschaft,3
sf,2019,1
sf,2022,1
sf,italien,2
sf,medien,3
sg,2017,1
sg,italien,2
sg,politik,3
shdi,2016,1
shdi,niederlande,2
shdi,politik,3
sj,2022,1
sj,2023,1
sj,großbritannien,2
sj,medien,3
sk,2018,1
sk,2019,1
sk,2023,1
sk,2024,1
sk,niederlande,2
sk,politik,3
skoe,2024,1
skoe,turkey,2
skoe,bildungsinstitutionen,3
sm,2022,1
sm,2023,1
sm,finnland,2
sm,sozial,3
smb,2018,1
smb,unitedstates,2
smb,bildungsinstitutionen,3
sn,2019,1
sn,2023,1
sn,unitedstates,2
sn,wirtschaft,3
soe,2016,1
soe,2023,1
soe,turkey,2
soe,bildungsinstitutionen,3
sojo,2019,1
sojo,deutschland,2
sojo,wirtschaft,3
sp,2016,1
sp,2017,1
sp,2024,1
sp,denmark,2
sp,military,3
sr,2018,1
sr,italien,2
sr,wirtschaft,3
srb,2016,1
srb,2018,1
srb,2019,1
srb,norwegen,2
srb,bildungsinstitutionen,3
ss,2019,1
ss,norwegen,2
ss,wirtschaft,3
ssds,2018,1
ssds,spanien,2
ssds,politik,3
st,2016,1
st,deutschland,2
st,politik,3
stab,2019,1
stab,2023,1
stab,2024,1
stab,unitedstates,2
stab,medien,3
stfi,2018,1
stfi,unitedstates,2
stfi,wirtschaft,3
stko,2017,1
stko,2018,1
stko,2019,1
stko,2023,1
stko,2024,1
stko,unitedstates,2
stko,bildungsinstitutionen,3
sue,2017,1
sue,turkey,2
sue,wirtschaft,3
sukl,2017,1
sukl,deutschland,2
sukl,wirtschaft,3
suru,2017,1
suru,schweiz,2
suru,wirtschaft,3
sv,2023,1
sv,großbritannien,2
sv,wirtschaft,3
sw,2017,1
sw,großbritannien,2
sw,medien,3
sygo,2016,1
sygo,frankreich,2
sygo,politik,3
ta,2016,1
ta,denmark,2
ta,politik,3
tb,2017,1
tb,2019,1
tb,2022,1
tb,2023,1
tb,frankreich,2
tb,wirtschaft,3
tc,2022,1
tc,2023,1
tc,unitedstates,2
tc,politik,3
tdm,2016,1
tdm,deutschland,2
tdm,politik,3
te,2016,1
te,2017,1
te,2018,1
te,deutschland,2
te,wirtschaft,3
tga,2019,1
tga,großbritannien,2
tga,bildungsinstitutionen,3
th,2018,1
th,unitedstates,2
th,bildungsinstitutionen,3
thby,2022,1
thby,2023,1
thby,irland,2
thby,politik,3
theb,2016,1
theb,deutschland,2
theb,medien,3
tiho,2016,1
tiho,deutschland,2
tiho,wirtschaft,3
tith,2019,1
tith,schweiz,2
tith,wirtschaft,3
tjm,2024,1
tjm,niederlande,2
tjm,medien,3
tl,2016,1
tl,2017,1
tl,2018,1
tl,2019,1
tl,2022,1
tl,2023,1
tl,2024,1
tl,belgien,2
tl,wirtschaft,3
tm,2017,1
tm,unitedstates,2
tm,politik,3
toco,2017,1
toco,unitedstates,2
toco,politik,3
tolu,2022,1
tolu,kanada,2
tolu,wirtschaft,3
ts,2019,1
ts,unitedstates,2
ts,bildungsinstitutionen,3
tt,2019,1
tt,2022,1
tt,2023,1
tt,großbritannien,2
tt,politik,3
tvc,2024,1
tvc,unitedstates,2
tvc,politik,3
tvds,2022,1
tvds,belgien,2
tvds,politik,3
tw,2023,1
tw,2024,1
tw,unitedstates,2
tw,politik,3
uf,2016,1
uf,2017,1
uf,denmark,2
uf,wirtschaft,3
ug,2016,1
ug,deutschland,2
ug,wirtschaft,3
uk,2019,1
uk,schweden,2
uk,politik,3
um,2019,1
um,schweiz,2
um,politik,3
uvdl,2016,1
uvdl,2018,1
uvdl,2019,1
uvdl,deutschland,2
uvdl,politik,3
uvk,2019,1
uvk,denmark,2
uvk,sozial,3
vb,2022,1
vb,2023,1
vb,2024,1
vb,frankreich,2
vb,wirtschaft,3
vc,2018,1
vc,italien,2
vc,wirtschaft,3
vh,2016,1
vh,2017,1
vh,2018,1
vh,2022,1
vh,2023,1
vh,2024,1
vh,niederlande,2
vh,bildungsinstitutionen,3
vhe,2018,1
vhe,norwegen,2
vhe,politik,3
vjo,2016,1
vjo,2017,1
vjo,2019,1
vjo,unitedstates,2
vjo,wirtschaft,3
wb,2017,1
wb,deutschland,2
wb,wirtschaft,3
wcd,2022,1
wcd,unitedstates,2
wcd,bildungsinstitutionen,3
wh,2022,1
wh,2024,1
wh,niederlande,2
wh,politik,3
wi,2017,1
wi,2018,1
wi,deutschland,2
wi,politik,3
wjb,2016,1
wjb,2017,1
wjb,2018,1
wjb,2022,1
wjb,unitedstates,2
wjb,geheimdienst,3
wk,2022,1
wk,2023,1
wk,polen,2
wk,wirtschaft,3
wlr,2017,1
wlr,unitedstates,2
wlr,politik,3
wrm,2018,1
wrm,unitedstates,2
wrm,bildungsinstitutionen,3
wrs,2024,1
wrs,unitedstates,2
wrs,politik,3
ws,2024,1
ws,großbritannien,2
ws,wirtschaft,3
wsc,2016,1
wsc,deutschland,2
wsc,politik,3
wsch,2023,1
wsch,2024,1
wsch,deutschland,2
wsch,politik,3
yb,2016,1
yb,2024,1
yb,kanada,2
yb,bildungsinstitutionen,3
yf,2022,1
yf,unitedstates,2
yf,politik,3
yj,2024,1
yj,schweden,2
yj,politik,3
yk,2016,1
yk,belgien,2
yk,politik,3
yl,2022,1
yl,unitedstates,2
yl,wirtschaft,3
yv,2022,1
yv,ukraine,2
yv,wirtschaft,3
yy,2023,1
yy,großbritannien,2
yy,medien,3
zmb,2016,1
zmb,2017,1
zmb,2018,1
zmb,2019,1
zmb,2022,1
zmb,2023,1
zmb,2024,1
zmb,großbritannien,2
zmb,medien,3
